ten_truyen_tieng_viet,nguon_tieng_viet,chap_da_dich,last_updated_tieng_viet,so_luong_doc,ten_truyen_original,nguon_original,chap_original,last_update_original,tag
Awkward Senpai,https://mollymax.co.uk/truyen-tranh/awkward-senpai,Chương 58,09/04/2026,389.428,N/A,N/A,N/A,N/A,update
Ngàn Năm Bảo Hộ Đại Nhân,https://mollymax.co.uk/truyen-tranh/ngan-nam-bao-ho-dai-nhan,Chương 51,09/04/2026,1.691,N/A,N/A,N/A,N/A,update
Gia Đình Ly Thân,https://mollymax.co.uk/truyen-tranh/gia-dinh-ly-than,Chương 14,10/04/2026,162,N/A,N/A,N/A,N/A,update
Hầm Ngục Hướng Dẫn Cấp Địa Ngục,https://mollymax.co.uk/truyen-tranh/ham-nguc-huong-dan-cap-dia-nguc,Chương 259,09/04/2026,2.819.674,N/A,N/A,N/A,N/A,update
Em Là Tất Cả Tinh Tú Của Anh,https://mollymax.co.uk/truyen-tranh/em-la-tat-ca-tinh-tu-cua-anh,Chương 54,09/04/2026,711,N/A,N/A,N/A,N/A,update
Tuyệt Đối Dân Cư,https://mollymax.co.uk/truyen-tranh/tuyet-doi-dan-cu,Chương 74,09/04/2026,642.569,N/A,N/A,N/A,N/A,update
"Trời Sinh Mị Cốt, Ta Bị Đồ Nhi Yandere Để Mắt Tới",https://mollymax.co.uk/truyen-tranh/troi-sinh-mi-cot-ta-bi-do-nhi-yandere-de-mat-toi,Chương 100,09/04/2026,476.214,N/A,N/A,N/A,N/A,update
Bạn Thuở Nhỏ Của Tôi Là Thú Nhân,https://mollymax.co.uk/truyen-tranh/ban-thuo-nho-cua-toi-la-thu-nhan,Chương 2,09/04/2026,520,N/A,N/A,N/A,N/A,update
Tiểu Thư Kiêu Kỳ Sa Ngã Thành Thường Dân Và Rơi Vào Tay Gã Tay Chơi Bất Lương Mà Cô Từng Coi Thường,https://mollymax.co.uk/truyen-tranh/tieu-thu-kieu-ky-sa-nga-thanh-thuong-dan-va-roi-vao-tay-ga-tay-choi-bat-luong-ma-co-tung-coi-thuong,Chương 2,09/04/2026,287,N/A,N/A,N/A,N/A,update
Nhất Nhân Chi Hạ,https://mollymax.co.uk/truyen-tranh/nhat-nhan-chi-ha,Chương 666,09/04/2026,2.424.285,N/A,N/A,N/A,N/A,update
Ngôi Sao Đỉnh Lưu,https://mollymax.co.uk/truyen-tranh/ngoi-sao-dinh-luu,Chương 48,09/04/2026,15.697,N/A,N/A,N/A,N/A,update
Abandoned ~Tsuyosugite Buki Ga Kowareru Yuusha To Buki Shokunin No Elf~,https://mollymax.co.uk/truyen-tranh/abandoned-tsuyosugite-buki-ga-kowareru-yuusha-to-buki-shokunin-no-elf-,Chương 8,09/04/2026,395,N/A,N/A,N/A,N/A,update
Garbage Time,https://mollymax.co.uk/truyen-tranh/garbage-time,Chương 187,09/04/2026,183.283,N/A,N/A,N/A,N/A,update
Tâm Cơ Hôn Sủng,https://mollymax.co.uk/truyen-tranh/tam-co-hon-sung,Chương 179,09/04/2026,22.582,N/A,N/A,N/A,N/A,update
Nue No Onmyouji,https://mollymax.co.uk/truyen-tranh/nue-no-onmyouji,Chương 4,09/04/2026,347,N/A,N/A,N/A,N/A,update
Tỷ Phú Ở Rể,https://mollymax.co.uk/truyen-tranh/ty-phu-o-re,Chương 28,09/04/2026,1.984,N/A,N/A,N/A,N/A,update
Mẹ Đơn Thân Và Nổi Ám Ảnh Của Thái Tử,https://mollymax.co.uk/truyen-tranh/me-don-than-va-noi-am-anh-cua-thai-tu,Chương 30,09/04/2026,1.408,N/A,N/A,N/A,N/A,update
Cuộc Sống Thường Ngày Của Gia Đình Doujima,https://mollymax.co.uk/truyen-tranh/cuoc-song-thuong-ngay-cua-gia-dinh-doujima,Chương 3,09/04/2026,3.359,N/A,N/A,N/A,N/A,update
Bastard!!: Thần Hủy Diệt Bóng Tối,https://mollymax.co.uk/truyen-tranh/bastard-than-huy-diet-bong-toi,Chương 1.2,09/04/2026,150,N/A,N/A,N/A,N/A,update
Kết Thúc Của Nhân Vật Phản Diện Chỉ Có Thể Là Cái Chết,https://mollymax.co.uk/truyen-tranh/ket-thuc-cua-nhan-vat-phan-dien-chi-co-the-la-cai-chet,Chương 205,09/04/2026,6.020.494,N/A,N/A,N/A,N/A,update
"Khi Tôi Cố Gắng Trả Thù Những Kẻ Bắt Nạt Ở Quê Nhà, Một Cuộc Chiến Khác Lại Bắt Đầu",https://mollymax.co.uk/truyen-tranh/khi-toi-co-gang-tra-thu-nhung-ke-bat-nat-o-que-nha-mot-cuoc-chien-khac-lai-bat-dau,Chương 42,09/04/2026,4.415,N/A,N/A,N/A,N/A,update
Cô Nàng Đẹp Mã Mà Bạn Gái Tôi Thích Đang Nhắm Tới Tôi,https://mollymax.co.uk/truyen-tranh/co-nang-dep-ma-ma-ban-gai-toi-thich-dang-nham-toi-toi,Chương 14,09/04/2026,12.840,N/A,N/A,N/A,N/A,update
Tôi Chỉ Định Chăm Sóc Người Cha Ốm Yếu Của Mình Thôi Mà,https://mollymax.co.uk/truyen-tranh/toi-chi-di-nh-cham-so-c-nguo-i-cha-o-m-ye-u-cu-a-mi-nh-thoi-ma,Chương 42,09/04/2026,2.034,N/A,N/A,N/A,N/A,update
Thợ Săn Ác Linh,https://mollymax.co.uk/truyen-tranh/tho-san-ac-linh,Chương 77,09/04/2026,4.367,N/A,N/A,N/A,N/A,update
Bắt Đầu Với Trăm Vạn Minh Tệ,https://mollymax.co.uk/truyen-tranh/bat-dau-voi-tram-van-minh-te,Chương 298,09/04/2026,13.291.685,N/A,N/A,N/A,N/A,update
Cá Con (Vảy Cá),https://mollymax.co.uk/truyen-tranh/ca-con-vay-ca,Chương 93,09/04/2026,2.520,N/A,N/A,N/A,N/A,update
Từ Giờ Làm Con Của Thần Rắn Nhé,https://mollymax.co.uk/truyen-tranh/tu-gio-lam-con-cua-than-ran-nhe,Chương 8,09/04/2026,2.274,N/A,N/A,N/A,N/A,update
Hội Chứng Mẫn Cảm Cao,https://mollymax.co.uk/truyen-tranh/hoi-chung-man-cam-cao,Chương 18,09/04/2026,1.250,N/A,N/A,N/A,N/A,update
Misaki-Kun Wa Kouryaku Chara Janai,https://mollymax.co.uk/truyen-tranh/misaki-kun-wa-kouryaku-chara-janai,Chương 29,09/04/2026,5.721,N/A,N/A,N/A,N/A,update
Người Chơi Che Giấu Quá Khứ,https://mollymax.co.uk/truyen-tranh/nguoi-choi-che-giau-qua-khu,Chương 114,09/04/2026,2.593.395,N/A,N/A,N/A,N/A,update
Một Đêm Đầy Sao,https://mollymax.co.uk/truyen-tranh/mot-dem-day-sao,Oneshot,09/04/2026,274,N/A,N/A,N/A,N/A,update
Thiên Hạ Ai Không Biết Quân,https://mollymax.co.uk/truyen-tranh/thien-ha-ai-khong-biet-quan,Chương 22,09/04/2026,590,N/A,N/A,N/A,N/A,update
Trước Đây Và Sau Này,https://mollymax.co.uk/truyen-tranh/truoc-day-va-sau-nay,Oneshot,09/04/2026,238,N/A,N/A,N/A,N/A,update
Nỗi Ám Ảnh Dành Cho Công Tước Phu Nhân,https://mollymax.co.uk/truyen-tranh/noi-am-anh-danh-cho-cong-tuoc-phu-nhan,Chương 29,09/04/2026,895,N/A,N/A,N/A,N/A,update
Danjonbando,https://mollymax.co.uk/truyen-tranh/danjonbando,Chương 12,09/04/2026,3.540,N/A,N/A,N/A,N/A,update
Chuyện Chị Đồng Nghiệp Của Tôi,https://mollymax.co.uk/truyen-tranh/chuyen-chi-dong-nghiep-cua-toi,Chương 64,09/04/2026,549,N/A,N/A,N/A,N/A,update
Dũng Giả Tổ Đội Mạn Họa,https://mollymax.co.uk/truyen-tranh/dung-gia-to-doi-man-hoa,Chương 53,09/04/2026,9.813,N/A,N/A,N/A,N/A,update
Cảnh Sát Tại Làng Elf Ở Thế Giới Khác,https://mollymax.co.uk/truyen-tranh/canh-sat-tai-lang-elf-o-the-gioi-khac,Chương 6,09/04/2026,1.336,N/A,N/A,N/A,N/A,update
Cổ Nhạc Phong Hoa Lục,https://mollymax.co.uk/truyen-tranh/co-nhac-phong-hoa-luc,Chương 0,09/04/2026,297,N/A,N/A,N/A,N/A,update
Tsukimino Karma Wa Akumade Boku No Pet Nanoni,https://mollymax.co.uk/truyen-tranh/tsukimino-karma-wa-akumade-boku-no-pet-nanoni,Chương 1,09/04/2026,479,N/A,N/A,N/A,N/A,update
Alma,https://mollymax.co.uk/truyen-tranh/alma,Chương 26,09/04/2026,19.280,N/A,N/A,N/A,N/A,update
Jigoku Kawaii Enma-Chan,https://mollymax.co.uk/truyen-tranh/jigoku-kawaii-enma-chan,Chương 5,09/04/2026,1.530,N/A,N/A,N/A,N/A,update
Nhật Ký Của Thợ Săn Hạng S,https://mollymax.co.uk/truyen-tranh/nhat-ky-cua-tho-san-hang-s,Chương 41,09/04/2026,13.757,N/A,N/A,N/A,N/A,update
Thủy Cung Đáy Biển Magmell,https://mollymax.co.uk/truyen-tranh/thuy-cung-day-bien-magmell,Chương 4.5,09/04/2026,477,N/A,N/A,N/A,N/A,update
Bạn Gái Nam Tính Với Độ Ẩm Cao,https://mollymax.co.uk/truyen-tranh/ban-gai-nam-tinh-voi-do-am-cao,Chương 67,09/04/2026,816.834,N/A,N/A,N/A,N/A,update
Endoro~,https://mollymax.co.uk/truyen-tranh/endoro-,Chương 5,09/04/2026,407,N/A,N/A,N/A,N/A,update
Chào Mừng Cậu Đến Trường Iruma-Kun,https://mollymax.co.uk/truyen-tranh/chao-mung-cau-den-truong-iruma-kun,Chương 439,09/04/2026,71.522.427,N/A,N/A,N/A,N/A,update
Hầu Tước Maron,https://mollymax.co.uk/truyen-tranh/hau-tuoc-maron,Chương 43,09/04/2026,3.126,N/A,N/A,N/A,N/A,update
Itoko No Ko,https://mollymax.co.uk/truyen-tranh/itoko-no-ko,Chương 999,09/04/2026,64.979,N/A,N/A,N/A,N/A,update
Tyra Và Cera,https://mollymax.co.uk/truyen-tranh/tyra-va-cera,Chương 17,09/04/2026,16.269,N/A,N/A,N/A,N/A,update
Ngã Lão Ma Thần,https://mollymax.co.uk/truyen-tranh/nga-lao-ma-than,Chương 307,09/04/2026,23.210.880,N/A,N/A,N/A,N/A,update
Toàn Cầu Ngự Thú: Ta Có Thể Thấy Lộ Tuyến Tiến Hoá,https://mollymax.co.uk/truyen-tranh/toan-cau-ngu-thu-ta-co-the-thay-lo-tuyen-tien-hoa,Chương 74,09/04/2026,285.048,N/A,N/A,N/A,N/A,update
Đăng Ký Kênh Siêu Phàm,https://mollymax.co.uk/truyen-tranh/dang-ky-kenh-sieu-pham,Chương 104,09/04/2026,1.108.886,N/A,N/A,N/A,N/A,update
Tiểu Thư Báo Tuyết Của Gia Tộc Báo Đen,https://mollymax.co.uk/truyen-tranh/tieu-thu-bao-tuyet-cua-gia-toc-bao-den,Chương 55,09/04/2026,6.506,N/A,N/A,N/A,N/A,update
Vị Vua Mạnh Nhất Đã Trở Lại,https://mollymax.co.uk/truyen-tranh/vi-vua-manh-nhat-da-tro-lai,Chương 171,09/04/2026,12.921.962,N/A,N/A,N/A,N/A,update
Awkward Senpai,https://mollymax.co.uk/truyen-tranh/awkward-senpai,Chương 58,09/04/2026,389.428,N/A,N/A,N/A,N/A,update
Vạn Tộc Xâm Lược: Bắt Đầu Thuần Hóa Cự Thú Cấp Sử Thi,https://mollymax.co.uk/truyen-tranh/van-toc-xam-luoc-bat-dau-thuan-hoa-cu-thu-cap-su-thi,Chương 76,09/04/2026,101.997,N/A,N/A,N/A,N/A,update
Ngàn Năm Bảo Hộ Đại Nhân,https://mollymax.co.uk/truyen-tranh/ngan-nam-bao-ho-dai-nhan,Chương 51,09/04/2026,1.691,N/A,N/A,N/A,N/A,update
Thống Lĩnh Học Viện Chỉ Bằng Dao Sashimi,https://mollymax.co.uk/truyen-tranh/thong-linh-hoc-vien-chi-bang-dao-sashimi,Chương 74,09/04/2026,9.672.378,N/A,N/A,N/A,N/A,update
Hầm Ngục Hướng Dẫn Cấp Địa Ngục,https://mollymax.co.uk/truyen-tranh/ham-nguc-huong-dan-cap-dia-nguc,Chương 259,09/04/2026,2.819.674,N/A,N/A,N/A,N/A,update
Sự Trở Lại Của Anh Hùng Cấp Thảm Họa,https://mollymax.co.uk/truyen-tranh/su-tro-lai-cua-anh-hung-cap-tham-hoa,Chương 171,09/04/2026,7.964,N/A,N/A,N/A,N/A,update
"Trời Sinh Mị Cốt, Ta Bị Đồ Nhi Yandere Để Mắt Tới",https://mollymax.co.uk/truyen-tranh/troi-sinh-mi-cot-ta-bi-do-nhi-yandere-de-mat-toi,Chương 100,09/04/2026,476.214,N/A,N/A,N/A,N/A,update
Có Lẽ Là Vô Địch,https://mollymax.co.uk/truyen-tranh/co-le-la-vo-dich,Chương 56,09/04/2026,449.081,N/A,N/A,N/A,N/A,update
Tù Nhân Thị Trấn Hoàng Hôn,https://mollymax.co.uk/truyen-tranh/tu-nhan-thi-tran-hoang-hon,Chương 35,09/04/2026,4.486,N/A,N/A,N/A,N/A,update
Nhất Nhân Chi Hạ,https://mollymax.co.uk/truyen-tranh/nhat-nhan-chi-ha,Chương 666,09/04/2026,2.424.285,N/A,N/A,N/A,N/A,update
Cuộc Đời Mạt Thế Hoàn Mỹ Của Tôi,https://mollymax.co.uk/truyen-tranh/cuoc-doi-mat-the-hoan-my-cua-toi,Chương 45,09/04/2026,13.585,N/A,N/A,N/A,N/A,update
Ngôi Sao Đỉnh Lưu,https://mollymax.co.uk/truyen-tranh/ngoi-sao-dinh-luu,Chương 48,09/04/2026,15.697,N/A,N/A,N/A,N/A,update
Mạt Thế Kiếm Thần: Ta Chấn Kinh Toàn Cầu,https://mollymax.co.uk/truyen-tranh/mat-the-kiem-than-ta-chan-kinh-toan-cau,Chương 128,09/04/2026,1.043.926,N/A,N/A,N/A,N/A,update
Fog Land,https://mollymax.co.uk/truyen-tranh/fog-land,Chương 31,09/04/2026,1.719,N/A,N/A,N/A,N/A,update
Tâm Cơ Hôn Sủng,https://mollymax.co.uk/truyen-tranh/tam-co-hon-sung,Chương 179,09/04/2026,22.582,N/A,N/A,N/A,N/A,update
Anh Hùng Tái Xuất Học Viện,https://mollymax.co.uk/truyen-tranh/anh-hung-tai-xuat-hoc-vien,Chương 50,09/04/2026,60.369,N/A,N/A,N/A,N/A,update
Killing Bites,https://mollymax.co.uk/truyen-tranh/killing-bites,Chương 47,09/04/2026,556.456,N/A,N/A,N/A,N/A,update
Cuộc Sống Thường Ngày Của Gia Đình Doujima,https://mollymax.co.uk/truyen-tranh/cuoc-song-thuong-ngay-cua-gia-dinh-doujima,Chương 3,09/04/2026,3.359,N/A,N/A,N/A,N/A,update
Kết Thúc Của Nhân Vật Phản Diện Chỉ Có Thể Là Cái Chết,https://mollymax.co.uk/truyen-tranh/ket-thuc-cua-nhan-vat-phan-dien-chi-co-the-la-cai-chet,Chương 205,09/04/2026,6.020.494,N/A,N/A,N/A,N/A,update
Chiến Đội Đại Thất Cách,https://mollymax.co.uk/truyen-tranh/chien-doi-dai-that-cach,Chương 212,09/04/2026,1.243.361,N/A,N/A,N/A,N/A,update
Tôi Chỉ Định Chăm Sóc Người Cha Ốm Yếu Của Mình Thôi Mà,https://mollymax.co.uk/truyen-tranh/toi-chi-di-nh-cham-so-c-nguo-i-cha-o-m-ye-u-cu-a-mi-nh-thoi-ma,Chương 42,09/04/2026,2.034,N/A,N/A,N/A,N/A,update
"Saijo No Osewa Takane No Hana-Darakena Meimon-Kou De, Gakuin Ichi No Ojou-Sama (Seikatsu Nouryoku Kaimu) Wo Kagenagara Osewa Suru Koto Ni Narimashita",https://mollymax.co.uk/truyen-tranh/saijo-no-osewa-takane-no-hana-darakena-meimon-kou-de-gakuin-ichi-no-ojou-sama-seikatsu-nouryoku-kaimu-wo-kagenagara-osewa-suru-koto-ni-narimashita,Chương 32,09/04/2026,1.881.912,N/A,N/A,N/A,N/A,update
Siêu Cấp Thần Cơ Nhân,https://mollymax.co.uk/truyen-tranh/sieu-cap-than-co-nhan,Chương 446,09/04/2026,5.755.680,N/A,N/A,N/A,N/A,update
Bắt Đầu Với Trăm Vạn Minh Tệ,https://mollymax.co.uk/truyen-tranh/bat-dau-voi-tram-van-minh-te,Chương 298,09/04/2026,13.291.685,N/A,N/A,N/A,N/A,update
Hẹn Ước Sau Mưa,https://mollymax.co.uk/truyen-tranh/hen-uoc-sau-mua,Chương 9,09/04/2026,621,N/A,N/A,N/A,N/A,update
Cá Con (Vảy Cá),https://mollymax.co.uk/truyen-tranh/ca-con-vay-ca,Chương 93,09/04/2026,2.520,N/A,N/A,N/A,N/A,update
Cuộc Phiêu Lưu Kỳ Bí Của Jojo Phần 8: Jojolion,https://mollymax.co.uk/truyen-tranh/cuoc-phieu-luu-ky-bi-cua-jojo-phan-8-jojolion,Chương 89,09/04/2026,3.783,N/A,N/A,N/A,N/A,update
Sắp Xuất Ngũ Thì Isekai,https://mollymax.co.uk/truyen-tranh/sap-xuat-ngu-thi-isekai,Chương 194,09/04/2026,1.413.316,N/A,N/A,N/A,N/A,update
Hội Chứng Mẫn Cảm Cao,https://mollymax.co.uk/truyen-tranh/hoi-chung-man-cam-cao,Chương 18,09/04/2026,1.250,N/A,N/A,N/A,N/A,update
Người Chơi Che Giấu Quá Khứ,https://mollymax.co.uk/truyen-tranh/nguoi-choi-che-giau-qua-khu,Chương 114,09/04/2026,2.593.395,N/A,N/A,N/A,N/A,update
Sự Tái Sinh Của Nhà Thiết Kế Tài Ba,https://mollymax.co.uk/truyen-tranh/su-tai-sinh-cua-nha-thiet-ke-tai-ba,Chương 62,09/04/2026,31.213,N/A,N/A,N/A,N/A,update
Thiên Hạ Ai Không Biết Quân,https://mollymax.co.uk/truyen-tranh/thien-ha-ai-khong-biet-quan,Chương 22,09/04/2026,590,N/A,N/A,N/A,N/A,update
Nỗi Ám Ảnh Dành Cho Công Tước Phu Nhân,https://mollymax.co.uk/truyen-tranh/noi-am-anh-danh-cho-cong-tuoc-phu-nhan,Chương 29,09/04/2026,895,N/A,N/A,N/A,N/A,update
Quỷ Bí Thức Tỉnh: Mở Màn Nắm Giữ Nghìn Tỷ Quỷ Tệ,https://mollymax.co.uk/truyen-tranh/quy-bi-thuc-tinh-mo-man-nam-giu-nghin-ty-quy-te,Chương 22,09/04/2026,2.481,N/A,N/A,N/A,N/A,update
Chuyện Chị Đồng Nghiệp Của Tôi,https://mollymax.co.uk/truyen-tranh/chuyen-chi-dong-nghiep-cua-toi,Chương 64,09/04/2026,549,N/A,N/A,N/A,N/A,update
Ma Pháp Sư Thiên Tài Bị Giới Hạn Thời Gian,https://mollymax.co.uk/truyen-tranh/ma-phap-su-thien-tai-bi-gioi-han-thoi-gian,Chương 49,09/04/2026,43.477,N/A,N/A,N/A,N/A,update
Loạn Đấu Tokyo,https://mollymax.co.uk/truyen-tranh/loan-dau-tokyo,Chương 113,09/04/2026,495.928,N/A,N/A,N/A,N/A,update
"Fukushuu O Koinegau Saikyou Yuusha Wa, Yami No Chikara De Senmetsu Musou Suru",https://mollymax.co.uk/truyen-tranh/fukushuu-o-koinegau-saikyou-yuusha-wa-yami-no-chikara-de-senmetsu-musou-suru,Chương 126,09/04/2026,217.247,N/A,N/A,N/A,N/A,update
Kimi No Koto Ga Dai Dai Dai Dai Daisuki Na 100-Ri No Kanojo,https://mollymax.co.uk/truyen-tranh/kimi-no-koto-ga-dai-dai-dai-dai-daisuki-na-100-ri-no-kanojo,Chương 245.5,09/04/2026,10.449.495,N/A,N/A,N/A,N/A,update
Thiên Sư Phục Linh,https://mollymax.co.uk/truyen-tranh/thien-su-phuc-linh,Chương 35,09/04/2026,1.485,N/A,N/A,N/A,N/A,update
Pháp Sư Mạnh Nhất,https://mollymax.co.uk/truyen-tranh/phap-su-manh-nhat,Chương 26,09/04/2026,645,N/A,N/A,N/A,N/A,update
Cổ Nhạc Phong Hoa Lục,https://mollymax.co.uk/truyen-tranh/co-nhac-phong-hoa-luc,Chương 0,09/04/2026,297,N/A,N/A,N/A,N/A,update
Hình Như Tôi Đã Xuyên Vào Cuốn Tiểu Thuyết Nào Đó,https://mollymax.co.uk/truyen-tranh/hinh-nhu-toi-da-xuyen-vao-cuon-tieu-thuyet-nao-do,Chương 83,09/04/2026,107.845,N/A,N/A,N/A,N/A,update
Alma,https://mollymax.co.uk/truyen-tranh/alma,Chương 26,09/04/2026,19.280,N/A,N/A,N/A,N/A,update
Nhật Ký Của Thợ Săn Hạng S,https://mollymax.co.uk/truyen-tranh/nhat-ky-cua-tho-san-hang-s,Chương 41,09/04/2026,13.757,N/A,N/A,N/A,N/A,update
Bạn Gái Nam Tính Với Độ Ẩm Cao,https://mollymax.co.uk/truyen-tranh/ban-gai-nam-tinh-voi-do-am-cao,Chương 67,09/04/2026,816.834,N/A,N/A,N/A,N/A,update
Hầu Tước Maron,https://mollymax.co.uk/truyen-tranh/hau-tuoc-maron,Chương 43,09/04/2026,3.126,N/A,N/A,N/A,N/A,update
Itoko No Ko,https://mollymax.co.uk/truyen-tranh/itoko-no-ko,Chương 999,09/04/2026,64.979,N/A,N/A,N/A,N/A,update
Ngã Lão Ma Thần,https://mollymax.co.uk/truyen-tranh/nga-lao-ma-than,Chương 307,09/04/2026,23.210.880,N/A,N/A,N/A,N/A,update
Kuroiwa Medaka Ni Watashi No Kawaii Ga Tsuujinai,https://mollymax.co.uk/truyen-tranh/kuroiwa-medaka-ni-watashi-no-kawaii-ga-tsuujinai,Chương 210,09/04/2026,7.226.745,N/A,N/A,N/A,N/A,update
"Chuyển Sinh Thành Thất Hoàng Tử, Tôi Sẽ Tự Do Tùy Ý Trau Dồi Ma Thuật",https://mollymax.co.uk/truyen-tranh/chuyen-sinh-thanh-that-hoang-tu-toi-se-tu-do-tuy-y-trau-doi-ma-thuat,Chương 199,09/04/2026,2.471,N/A,N/A,N/A,N/A,update
Đăng Ký Kênh Siêu Phàm,https://mollymax.co.uk/truyen-tranh/dang-ky-kenh-sieu-pham,Chương 104,09/04/2026,1.108.886,N/A,N/A,N/A,N/A,update
Nữ Phản Diện Hồi Quy Có Quá Nhiều Việc Phải Làm,https://mollymax.co.uk/truyen-tranh/nu-phan-dien-hoi-quy-co-qua-nhieu-viec-phai-lam,Chương 1,09/04/2026,1.943,N/A,N/A,N/A,N/A,update
Vị Vua Mạnh Nhất Đã Trở Lại,https://mollymax.co.uk/truyen-tranh/vi-vua-manh-nhat-da-tro-lai,Chương 171,09/04/2026,12.921.962,N/A,N/A,N/A,N/A,update
Trọng Sinh Chi Ác Phi Nghịch Tập,https://mollymax.co.uk/truyen-tranh/trong-sinh-chi-ac-phi-nghich-tap,Chương 45,09/04/2026,55.632,N/A,N/A,N/A,N/A,update
Vạn Tộc Xâm Lược: Bắt Đầu Thuần Hóa Cự Thú Cấp Sử Thi,https://mollymax.co.uk/truyen-tranh/van-toc-xam-luoc-bat-dau-thuan-hoa-cu-thu-cap-su-thi,Chương 76,09/04/2026,101.997,N/A,N/A,N/A,N/A,update
Girls Band Cry,https://mollymax.co.uk/truyen-tranh/girls-band-cry,Chương 2.1,09/04/2026,623,N/A,N/A,N/A,N/A,update
Gả Cho Phản Diện,https://mollymax.co.uk/truyen-tranh/ga-cho-phan-dien,Chương 667,18/04/2025,676.078,N/A,N/A,N/A,N/A,update
Thống Lĩnh Học Viện Chỉ Bằng Dao Sashimi,https://mollymax.co.uk/truyen-tranh/thong-linh-hoc-vien-chi-bang-dao-sashimi,Chương 74,09/04/2026,9.672.378,N/A,N/A,N/A,N/A,update
Sự Trở Lại Của Anh Hùng Cấp Thảm Họa,https://mollymax.co.uk/truyen-tranh/su-tro-lai-cua-anh-hung-cap-tham-hoa,Chương 171,09/04/2026,7.964,N/A,N/A,N/A,N/A,update
Có Lẽ Là Vô Địch,https://mollymax.co.uk/truyen-tranh/co-le-la-vo-dich,Chương 56,09/04/2026,449.081,N/A,N/A,N/A,N/A,update
Tù Nhân Thị Trấn Hoàng Hôn,https://mollymax.co.uk/truyen-tranh/tu-nhan-thi-tran-hoang-hon,Chương 35,09/04/2026,4.486,N/A,N/A,N/A,N/A,update
Lỡ Mang Thai Với Sếp,https://mollymax.co.uk/truyen-tranh/lo-mang-thai-voi-sep,Chương 20.2,09/04/2026,923,N/A,N/A,N/A,N/A,update
Cuộc Đời Mạt Thế Hoàn Mỹ Của Tôi,https://mollymax.co.uk/truyen-tranh/cuoc-doi-mat-the-hoan-my-cua-toi,Chương 45,09/04/2026,13.585,N/A,N/A,N/A,N/A,update
Mạt Thế Kiếm Thần: Ta Chấn Kinh Toàn Cầu,https://mollymax.co.uk/truyen-tranh/mat-the-kiem-than-ta-chan-kinh-toan-cau,Chương 128,09/04/2026,1.043.926,N/A,N/A,N/A,N/A,update
Siêu Trộm Kỹ Năng Cấp Cheat,https://mollymax.co.uk/truyen-tranh/sieu-trom-ky-nang-cap-cheat,Chương 28,09/04/2026,1.561,N/A,N/A,N/A,N/A,update
Fog Land,https://mollymax.co.uk/truyen-tranh/fog-land,Chương 31,09/04/2026,1.719,N/A,N/A,N/A,N/A,update
Hoá Thân Thành Mèo,https://mollymax.co.uk/truyen-tranh/hoa-than-thanh-meo,Chương 396,09/04/2026,13.151.112,N/A,N/A,N/A,N/A,update
Anh Hùng Tái Xuất Học Viện,https://mollymax.co.uk/truyen-tranh/anh-hung-tai-xuat-hoc-vien,Chương 50,09/04/2026,60.369,N/A,N/A,N/A,N/A,update
Ác Nữ Ai Cũng Mê,https://mollymax.co.uk/truyen-tranh/ac-nu-ai-cung-me,Chương 3,09/04/2026,102,N/A,N/A,N/A,N/A,update
Killing Bites,https://mollymax.co.uk/truyen-tranh/killing-bites,Chương 47,09/04/2026,556.456,N/A,N/A,N/A,N/A,update
Sức Mạnh Tối Đa? Ta Lại Là Vong Linh Sư!,https://mollymax.co.uk/truyen-tranh/suc-manh-toi-da-ta-lai-la-vong-linh-su,Chương 122,09/04/2026,5.977.913,N/A,N/A,N/A,N/A,update
Chiến Đội Đại Thất Cách,https://mollymax.co.uk/truyen-tranh/chien-doi-dai-that-cach,Chương 212,09/04/2026,1.243.361,N/A,N/A,N/A,N/A,update
Thu Thập Hậu Cung: Ta Phải Cứu Vớt 7 Ác Nữ,https://mollymax.co.uk/truyen-tranh/thu-thap-hau-cung-ta-phai-cuu-vot-7-ac-nu,Chương 51,09/04/2026,40.685,N/A,N/A,N/A,N/A,update
Cẩm Nang Giáo Hóa Các Tiểu Thư Quý Tộc,https://mollymax.co.uk/truyen-tranh/cam-nang-giao-hoa-cac-tieu-thu-quy-toc,Chương 18,09/04/2026,468,N/A,N/A,N/A,N/A,update
Chuyển Sinh Thành Con Ngoài Giá Thú Của Gia Đình Kiếm Thuật Danh Tiếng,https://mollymax.co.uk/truyen-tranh/chuyen-sinh-thanh-con-ngoai-gia-thu-cua-gia-dinh-kiem-thuat-danh-tieng,Chương 90,09/04/2026,40.994,N/A,N/A,N/A,N/A,update
"Saijo No Osewa Takane No Hana-Darakena Meimon-Kou De, Gakuin Ichi No Ojou-Sama (Seikatsu Nouryoku Kaimu) Wo Kagenagara Osewa Suru Koto Ni Narimashita",https://mollymax.co.uk/truyen-tranh/saijo-no-osewa-takane-no-hana-darakena-meimon-kou-de-gakuin-ichi-no-ojou-sama-seikatsu-nouryoku-kaimu-wo-kagenagara-osewa-suru-koto-ni-narimashita,Chương 32,09/04/2026,1.881.912,N/A,N/A,N/A,N/A,update
Gậy Gỗ Cấp 99+,https://mollymax.co.uk/truyen-tranh/gay-go-cap-99,Chương 188,09/04/2026,10.240.214,N/A,N/A,N/A,N/A,update
Siêu Cấp Thần Cơ Nhân,https://mollymax.co.uk/truyen-tranh/sieu-cap-than-co-nhan,Chương 446,09/04/2026,5.755.680,N/A,N/A,N/A,N/A,update
Đại Pháp Sư Toàn Năng,https://mollymax.co.uk/truyen-tranh/dai-phap-su-toan-nang,Chương 163,09/04/2026,30.677.608,N/A,N/A,N/A,N/A,update
Hẹn Ước Sau Mưa,https://mollymax.co.uk/truyen-tranh/hen-uoc-sau-mua,Chương 9,09/04/2026,621,N/A,N/A,N/A,N/A,update
Urek Mazino,https://mollymax.co.uk/truyen-tranh/urek-mazino,Chương 57,09/04/2026,62.244,N/A,N/A,N/A,N/A,update
Cuộc Phiêu Lưu Kỳ Bí Của Jojo Phần 8: Jojolion,https://mollymax.co.uk/truyen-tranh/cuoc-phieu-luu-ky-bi-cua-jojo-phan-8-jojolion,Chương 89,09/04/2026,3.783,N/A,N/A,N/A,N/A,update
Tôi Lập Hậu Cung Khởi Đầu Từ Bán Hàng Rong,https://mollymax.co.uk/truyen-tranh/toi-lap-hau-cung-khoi-dau-tu-ban-hang-rong,Chương 24,09/04/2026,26.982,N/A,N/A,N/A,N/A,update
Xuyên Không Tới Tu Tiên Giới Làm Trù Thần,https://mollymax.co.uk/truyen-tranh/xuyen-khong-toi-tu-tien-gioi-lam-tru-than,Chương 98,09/04/2026,7.021,N/A,N/A,N/A,N/A,update
Sắp Xuất Ngũ Thì Isekai,https://mollymax.co.uk/truyen-tranh/sap-xuat-ngu-thi-isekai,Chương 194,09/04/2026,1.413.316,N/A,N/A,N/A,N/A,update
"Thích Khách Thần Cấp, Ta Chính Là Bóng Đêm",https://mollymax.co.uk/truyen-tranh/thich-khach-than-cap-ta-chinh-la-bong-dem,Chương 103,09/04/2026,350.899,N/A,N/A,N/A,N/A,update
Cửa Sổ Trạng Thái Là Cái Thá Gì,https://mollymax.co.uk/truyen-tranh/cua-so-trang-thai-la-cai-tha-gi,Chương 16,09/04/2026,1.886,N/A,N/A,N/A,N/A,update
Sự Tái Sinh Của Nhà Thiết Kế Tài Ba,https://mollymax.co.uk/truyen-tranh/su-tai-sinh-cua-nha-thiet-ke-tai-ba,Chương 62,09/04/2026,31.213,N/A,N/A,N/A,N/A,update
"Bí Mật Của Idol, Sau Giờ Học",https://mollymax.co.uk/truyen-tranh/bi-mat-cua-idol-sau-gio-hoc,Chương 78,09/04/2026,495.619,N/A,N/A,N/A,N/A,update
Quỷ Bí Thức Tỉnh: Mở Màn Nắm Giữ Nghìn Tỷ Quỷ Tệ,https://mollymax.co.uk/truyen-tranh/quy-bi-thuc-tinh-mo-man-nam-giu-nghin-ty-quy-te,Chương 22,09/04/2026,2.481,N/A,N/A,N/A,N/A,update
Ma Pháp Sư Thiên Tài Bị Giới Hạn Thời Gian,https://mollymax.co.uk/truyen-tranh/ma-phap-su-thien-tai-bi-gioi-han-thoi-gian,Chương 49,09/04/2026,43.477,N/A,N/A,N/A,N/A,update
"Tôi Giả Vờ Có Thai, Nhưng Chồng Tôi Đã Quay Trở Lại",https://mollymax.co.uk/truyen-tranh/toi-gia-vo-co-thai-nhung-chong-toi-da-quay-tro-lai,Chương 5,09/04/2026,455,N/A,N/A,N/A,N/A,update
Loạn Đấu Tokyo,https://mollymax.co.uk/truyen-tranh/loan-dau-tokyo,Chương 113,09/04/2026,495.928,N/A,N/A,N/A,N/A,update
Nhà Thiết Kế Thiên Tài Hồi Quy,https://mollymax.co.uk/truyen-tranh/nha-thiet-ke-thien-tai-hoi-quy,Chương 62,09/04/2026,89.652,N/A,N/A,N/A,N/A,update
"Fukushuu O Koinegau Saikyou Yuusha Wa, Yami No Chikara De Senmetsu Musou Suru",https://mollymax.co.uk/truyen-tranh/fukushuu-o-koinegau-saikyou-yuusha-wa-yami-no-chikara-de-senmetsu-musou-suru,Chương 126,09/04/2026,217.247,N/A,N/A,N/A,N/A,update
Vai Ác Sư Tôn Mang Theo Các Đồ Đệ Vô Địch Thiên Hạ,https://mollymax.co.uk/truyen-tranh/vai-ac-su-ton-mang-theo-cac-do-de-vo-dich-thien-ha,Chương 209,09/04/2026,4.741.948,N/A,N/A,N/A,N/A,update
Kimi No Koto Ga Dai Dai Dai Dai Daisuki Na 100-Ri No Kanojo,https://mollymax.co.uk/truyen-tranh/kimi-no-koto-ga-dai-dai-dai-dai-daisuki-na-100-ri-no-kanojo,Chương 245.5,09/04/2026,10.449.495,N/A,N/A,N/A,N/A,update
Thiên Sư Phục Linh,https://mollymax.co.uk/truyen-tranh/thien-su-phuc-linh,Chương 35,09/04/2026,1.485,N/A,N/A,N/A,N/A,update
Phù Thủy Ẩm Thực,https://mollymax.co.uk/truyen-tranh/phu-thuy-am-thuc,Chương 1,09/04/2026,156,N/A,N/A,N/A,N/A,update
Pháp Sư Mạnh Nhất,https://mollymax.co.uk/truyen-tranh/phap-su-manh-nhat,Chương 26,09/04/2026,645,N/A,N/A,N/A,N/A,update
Hình Như Tôi Đã Xuyên Vào Cuốn Tiểu Thuyết Nào Đó,https://mollymax.co.uk/truyen-tranh/hinh-nhu-toi-da-xuyen-vao-cuon-tieu-thuyet-nao-do,Chương 83,09/04/2026,107.845,N/A,N/A,N/A,N/A,update
"Tsuihou Sareta Renkinjutsushi-San, Saikyou No Danjon O Tsukurimasen Ka?",https://mollymax.co.uk/truyen-tranh/tsuihou-sareta-renkinjutsushi-san-saikyou-no-danjon-o-tsukurimasen-ka-,Chương 2,09/04/2026,581,N/A,N/A,N/A,N/A,update
Lãnh Chúa Dị Giới Nuôi Cả Lục Địa Bằng Cơm Nhà Làm,https://mollymax.co.uk/truyen-tranh/lanh-chua-di-gioi-nuoi-ca-luc-dia-bang-com-nha-lam,Chương 11,09/04/2026,1.108,N/A,N/A,N/A,N/A,update
Alma-Chan Wa Kazoku Ni Naritai,https://mollymax.co.uk/truyen-tranh/alma-chan-wa-kazoku-ni-naritai,Chương 10,09/04/2026,31.986,N/A,N/A,N/A,N/A,update
Trở Thành Đại Hoàng Tử: Huyền Thoại Kiếm Ca,https://mollymax.co.uk/truyen-tranh/tro-thanh-dai-hoang-tu-huyen-thoai-kiem-ca,Chương 30,09/04/2026,8.352,N/A,N/A,N/A,N/A,update
Kuroiwa Medaka Ni Watashi No Kawaii Ga Tsuujinai,https://mollymax.co.uk/truyen-tranh/kuroiwa-medaka-ni-watashi-no-kawaii-ga-tsuujinai,Chương 210,09/04/2026,7.226.745,N/A,N/A,N/A,N/A,update
Thợ Săn Cấp Sss Chuyển Sinh Thành Thiên Tài Nhà Công Tước,https://mollymax.co.uk/truyen-tranh/tho-san-cap-sss-chuyen-sinh-thanh-thien-tai-nha-cong-tuoc,Chương 42,09/04/2026,4.882,N/A,N/A,N/A,N/A,update
"Chuyển Sinh Thành Thất Hoàng Tử, Tôi Sẽ Tự Do Tùy Ý Trau Dồi Ma Thuật",https://mollymax.co.uk/truyen-tranh/chuyen-sinh-thanh-that-hoang-tu-toi-se-tu-do-tuy-y-trau-doi-ma-thuat,Chương 199,09/04/2026,2.471,N/A,N/A,N/A,N/A,update
"Sau Khi Chia Tay Hoa Khôi, Võ Đạo Của Ta Thẳng Tới Cấp Thần",https://mollymax.co.uk/truyen-tranh/sau-khi-chia-tay-hoa-khoi-vo-dao-cua-ta-thang-toi-cap-than,Chương 77,09/04/2026,60.703,N/A,N/A,N/A,N/A,update
Nữ Phản Diện Hồi Quy Có Quá Nhiều Việc Phải Làm,https://mollymax.co.uk/truyen-tranh/nu-phan-dien-hoi-quy-co-qua-nhieu-viec-phai-lam,Chương 1,09/04/2026,1.943,N/A,N/A,N/A,N/A,update
Higawari Shippo No Ozaki-Chan,https://mollymax.co.uk/truyen-tranh/higawari-shippo-no-ozaki-chan,Chương 21,09/04/2026,13.062,N/A,N/A,N/A,N/A,update
Trọng Sinh Chi Ác Phi Nghịch Tập,https://mollymax.co.uk/truyen-tranh/trong-sinh-chi-ac-phi-nghich-tap,Chương 45,09/04/2026,55.632,N/A,N/A,N/A,N/A,update
Tân Thiên Sư,https://mollymax.co.uk/truyen-tranh/tan-thien-su,Chương 35,09/04/2026,9.827,N/A,N/A,N/A,N/A,update
Vô Địch Chỉ Với 1 Máu,https://mollymax.co.uk/truyen-tranh/vo-dich-chi-voi-1-mau,Chương 18,09/04/2026,571,N/A,N/A,N/A,N/A,update
Girls Band Cry,https://mollymax.co.uk/truyen-tranh/girls-band-cry,Chương 2.1,09/04/2026,623,N/A,N/A,N/A,N/A,update
Ta Thật Sự Không Muốn Làm Gian Thần,https://mollymax.co.uk/truyen-tranh/ta-that-su-khong-muon-lam-gian-than,Chương 1,09/04/2026,187,N/A,N/A,N/A,N/A,update
Gả Cho Phản Diện,https://mollymax.co.uk/truyen-tranh/ga-cho-phan-dien,Chương 667,18/04/2025,676.078,N/A,N/A,N/A,N/A,update
Cuộc Sống Của Gián Điệp Ma Giáo,https://mollymax.co.uk/truyen-tranh/cuoc-song-cua-gian-diep-ma-giao,Chương 63,09/04/2026,22.613,N/A,N/A,N/A,N/A,update
Còn Ra Thể Thống Gì Nữa,https://mollymax.co.uk/truyen-tranh/con-ra-the-thong-gi-nua,Chương 46,09/04/2026,18.608,N/A,N/A,N/A,N/A,update
Hội Pháp Sư: Nhiệm Vụ 100 Năm,https://mollymax.co.uk/truyen-tranh/hoi-phap-su-nhiem-vu-100-nam,Chương 206,09/04/2026,50.922.520,N/A,N/A,N/A,N/A,update
Lỡ Mang Thai Với Sếp,https://mollymax.co.uk/truyen-tranh/lo-mang-thai-voi-sep,Chương 20.2,09/04/2026,923,N/A,N/A,N/A,N/A,update
Hoàng Tử Không Khóc Vì Hành Tây,https://mollymax.co.uk/truyen-tranh/hoang-tu-khong-khoc-vi-hanh-tay,Chương 1,09/04/2026,134,N/A,N/A,N/A,N/A,update
Wistoria Bản Hùng Ca Kiếm Và Pháp Trượng,https://mollymax.co.uk/truyen-tranh/wistoria-ban-hung-ca-kiem-va-phap-truong-1,Chương 59,09/04/2026,827.028,N/A,N/A,N/A,N/A,update
Trở Thành Vô Địch Bằng Hệ Thống Giảm Giá Trị,https://mollymax.co.uk/truyen-tranh/tro-tha-nh-vo-di-ch-ba-ng-he-tho-ng-gia-m-gia-tri,Chương 82,09/04/2026,84.632,N/A,N/A,N/A,N/A,update
Siêu Trộm Kỹ Năng Cấp Cheat,https://mollymax.co.uk/truyen-tranh/sieu-trom-ky-nang-cap-cheat,Chương 28,09/04/2026,1.561,N/A,N/A,N/A,N/A,update
Hoá Thân Thành Mèo,https://mollymax.co.uk/truyen-tranh/hoa-than-thanh-meo,Chương 396,09/04/2026,13.151.112,N/A,N/A,N/A,N/A,update
Kao Ni Denai Kashiwada-San To Kao Ni Deru Oota-Kun,https://mollymax.co.uk/truyen-tranh/kao-ni-denai-kashiwada-san-to-kao-ni-deru-oota-kun,Chương 67,09/04/2026,259.222,N/A,N/A,N/A,N/A,update
Ác Nữ Ai Cũng Mê,https://mollymax.co.uk/truyen-tranh/ac-nu-ai-cung-me,Chương 3,09/04/2026,102,N/A,N/A,N/A,N/A,update
U Minh Ngụy Tượng,https://mollymax.co.uk/truyen-tranh/u-minh-nguy-tuong,Chương 566,09/04/2026,1.897.766,N/A,N/A,N/A,N/A,update
Sức Mạnh Tối Đa? Ta Lại Là Vong Linh Sư!,https://mollymax.co.uk/truyen-tranh/suc-manh-toi-da-ta-lai-la-vong-linh-su,Chương 122,09/04/2026,5.977.913,N/A,N/A,N/A,N/A,update
Ta Ở Hoàng Cung Làm Đại Boss,https://mollymax.co.uk/truyen-tranh/ta-o-hoang-cung-lam-dai-boss,Chương 180,09/04/2026,11.000,N/A,N/A,N/A,N/A,update
Thu Thập Hậu Cung: Ta Phải Cứu Vớt 7 Ác Nữ,https://mollymax.co.uk/truyen-tranh/thu-thap-hau-cung-ta-phai-cuu-vot-7-ac-nu,Chương 51,09/04/2026,40.685,N/A,N/A,N/A,N/A,update
Tranh Thủ Kiếm Chác Ở Thế Giới Quỷ Dị Thì Làm Sao?,https://mollymax.co.uk/truyen-tranh/tranh-thu-kiem-chac-o-the-gioi-quy-di-thi-lam-sao-,Chương 12,09/04/2026,806,N/A,N/A,N/A,N/A,update
Đặc Chủng Trùng Sinh Về Thời Trung Học,https://mollymax.co.uk/truyen-tranh/dac-chung-trung-sinh-ve-thoi-trung-hoc,Chương 47,09/04/2026,1.289,N/A,N/A,N/A,N/A,update
Độc Cô Tử Linh Sư,https://mollymax.co.uk/truyen-tranh/doc-co-tu-linh-su,Chương 216,09/04/2026,7.631.246,N/A,N/A,N/A,N/A,update
Chuyển Sinh Thành Con Ngoài Giá Thú Của Gia Đình Kiếm Thuật Danh Tiếng,https://mollymax.co.uk/truyen-tranh/chuyen-sinh-thanh-con-ngoai-gia-thu-cua-gia-dinh-kiem-thuat-danh-tieng,Chương 90,09/04/2026,40.994,N/A,N/A,N/A,N/A,update
Các Nữ Đồ Đệ Của Ta Đều Là Chư Thiên Đại Lão Tương Lai,https://mollymax.co.uk/truyen-tranh/cac-nu-do-de-cua-ta-deu-la-chu-thien-dai-lao-tuong-lai,Chương 388,09/04/2026,18.584.782,N/A,N/A,N/A,N/A,update
Gậy Gỗ Cấp 99+,https://mollymax.co.uk/truyen-tranh/gay-go-cap-99,Chương 188,09/04/2026,10.240.214,N/A,N/A,N/A,N/A,update
Đại Pháp Sư Toàn Năng,https://mollymax.co.uk/truyen-tranh/dai-phap-su-toan-nang,Chương 163,09/04/2026,30.677.608,N/A,N/A,N/A,N/A,update
Nếu Hina-Chan Còn Sống,https://mollymax.co.uk/truyen-tranh/neu-hina-chan-con-song,Chương 4,09/04/2026,704,N/A,N/A,N/A,N/A,update
Urek Mazino,https://mollymax.co.uk/truyen-tranh/urek-mazino,Chương 57,09/04/2026,62.244,N/A,N/A,N/A,N/A,update
Ngàn Vàng Không Đổi,https://mollymax.co.uk/truyen-tranh/ngan-vang-khong-doi,Chương 131,09/04/2026,3.082,N/A,N/A,N/A,N/A,update
Sát Nhân Cuồng Loạn,https://mollymax.co.uk/truyen-tranh/sat-nhan-cuong-loan,Chương 185,09/04/2026,489.169,N/A,N/A,N/A,N/A,update
Tôi Lập Hậu Cung Khởi Đầu Từ Bán Hàng Rong,https://mollymax.co.uk/truyen-tranh/toi-lap-hau-cung-khoi-dau-tu-ban-hang-rong,Chương 24,09/04/2026,26.982,N/A,N/A,N/A,N/A,update
Xuyên Không Tới Tu Tiên Giới Làm Trù Thần,https://mollymax.co.uk/truyen-tranh/xuyen-khong-toi-tu-tien-gioi-lam-tru-than,Chương 98,09/04/2026,7.021,N/A,N/A,N/A,N/A,update
Triệu Hồi Sư Cuối Cùng,https://mollymax.co.uk/truyen-tranh/trieu-hoi-su-cuoi-cung,Chương 243,09/04/2026,107.358,N/A,N/A,N/A,N/A,update
Hệ Thống Siêu Cấp Trà Xanh,https://mollymax.co.uk/truyen-tranh/he-thong-sieu-cap-tra-xanh,Chương 130,09/04/2026,30.881,N/A,N/A,N/A,N/A,update
"Thích Khách Thần Cấp, Ta Chính Là Bóng Đêm",https://mollymax.co.uk/truyen-tranh/thich-khach-than-cap-ta-chinh-la-bong-dem,Chương 103,09/04/2026,350.899,N/A,N/A,N/A,N/A,update
Siêu Cấp Skeleton,https://mollymax.co.uk/truyen-tranh/sieu-cap-skeleton,Chương 77,09/04/2026,3.861,N/A,N/A,N/A,N/A,update
Cửa Sổ Trạng Thái Là Cái Thá Gì,https://mollymax.co.uk/truyen-tranh/cua-so-trang-thai-la-cai-tha-gi,Chương 16,09/04/2026,1.886,N/A,N/A,N/A,N/A,update
"Sekai Saikyou No Majo, Hajimemashita - Watashidake",https://mollymax.co.uk/truyen-tranh/sekai-saikyou-no-majo-hajimemashita-watashidake,Chương 19,09/04/2026,326,N/A,N/A,N/A,N/A,update
"Bí Mật Của Idol, Sau Giờ Học",https://mollymax.co.uk/truyen-tranh/bi-mat-cua-idol-sau-gio-hoc,Chương 78,09/04/2026,495.619,N/A,N/A,N/A,N/A,update
Tôi Trở Thành Đối Tượng Thu Thập Của Hậu Cung Dị Giới,https://mollymax.co.uk/truyen-tranh/toi-tro-thanh-doi-tuong-thu-thap-cua-hau-cung-di-gioi,Chương 129,09/04/2026,224.800,N/A,N/A,N/A,N/A,update
"Tôi Giả Vờ Có Thai, Nhưng Chồng Tôi Đã Quay Trở Lại",https://mollymax.co.uk/truyen-tranh/toi-gia-vo-co-thai-nhung-chong-toi-da-quay-tro-lai,Chương 5,09/04/2026,455,N/A,N/A,N/A,N/A,update
Youchien Wars,https://mollymax.co.uk/truyen-tranh/youchien-wars,Chương 100.5,09/04/2026,753.260,N/A,N/A,N/A,N/A,update
Sinh Đôi Xuyên Không,https://mollymax.co.uk/truyen-tranh/sinh-doi-xuyen-khong,Chương 147,09/04/2026,3.290.658,N/A,N/A,N/A,N/A,update
Nhà Thiết Kế Thiên Tài Hồi Quy,https://mollymax.co.uk/truyen-tranh/nha-thiet-ke-thien-tai-hoi-quy,Chương 62,09/04/2026,89.652,N/A,N/A,N/A,N/A,update
Quay Đầu Là Bờ,https://mollymax.co.uk/truyen-tranh/quay-dau-la-bo,Chương 19,09/04/2026,1.627,N/A,N/A,N/A,N/A,update
Vai Ác Sư Tôn Mang Theo Các Đồ Đệ Vô Địch Thiên Hạ,https://mollymax.co.uk/truyen-tranh/vai-ac-su-ton-mang-theo-cac-do-de-vo-dich-thien-ha,Chương 209,09/04/2026,4.741.948,N/A,N/A,N/A,N/A,update
Mình Tao Là Siêu Việt Giả Mạnh Nhất!,https://mollymax.co.uk/truyen-tranh/minh-tao-la-sieu-viet-gia-manh-nhat-,Chương 94,09/04/2026,381.704,N/A,N/A,N/A,N/A,update
Phù Thủy Ẩm Thực,https://mollymax.co.uk/truyen-tranh/phu-thuy-am-thuc,Chương 1,09/04/2026,156,N/A,N/A,N/A,N/A,update
"Tsuihou Sareta Renkinjutsushi-San, Saikyou No Danjon O Tsukurimasen Ka?",https://mollymax.co.uk/truyen-tranh/tsuihou-sareta-renkinjutsushi-san-saikyou-no-danjon-o-tsukurimasen-ka-,Chương 2,09/04/2026,581,N/A,N/A,N/A,N/A,update
Rozen Maiden,https://mollymax.co.uk/truyen-tranh/rozen-maiden,Chương 18,09/04/2026,2.194,N/A,N/A,N/A,N/A,update
Seihantai Na Kimi To Boku,https://mollymax.co.uk/truyen-tranh/seihantai-na-kimi-to-boku,Chương 3,09/04/2026,0,N/A,N/A,N/A,N/A,update
Lãnh Chúa Dị Giới Nuôi Cả Lục Địa Bằng Cơm Nhà Làm,https://mollymax.co.uk/truyen-tranh/lanh-chua-di-gioi-nuoi-ca-luc-dia-bang-com-nha-lam,Chương 11,09/04/2026,1.108,N/A,N/A,N/A,N/A,update
Kenka Banzuke Saijaku No Ore Ga E O Kaku Dake De Kenka Saikyo Rankingu O Kakeagaru,https://mollymax.co.uk/truyen-tranh/kenka-banzuke-saijaku-no-ore-ga-e-o-kaku-dake-de-kenka-saikyo-rankingu-o-kakeagaru,Chương 23,09/04/2026,2.169,N/A,N/A,N/A,N/A,update
Trở Thành Đại Hoàng Tử: Huyền Thoại Kiếm Ca,https://mollymax.co.uk/truyen-tranh/tro-thanh-dai-hoang-tu-huyen-thoai-kiem-ca,Chương 30,09/04/2026,8.352,N/A,N/A,N/A,N/A,update
Thợ Săn Cấp Sss Chuyển Sinh Thành Thiên Tài Nhà Công Tước,https://mollymax.co.uk/truyen-tranh/tho-san-cap-sss-chuyen-sinh-thanh-thien-tai-nha-cong-tuoc,Chương 42,09/04/2026,4.882,N/A,N/A,N/A,N/A,update
Thống Trị Hầm Ngục Chỉ Với 1 Hp,https://mollymax.co.uk/truyen-tranh/thong-tri-ham-nguc-chi-voi-1-hp,Chương 25,09/04/2026,6.855,N/A,N/A,N/A,N/A,update
"Sau Khi Chia Tay Hoa Khôi, Võ Đạo Của Ta Thẳng Tới Cấp Thần",https://mollymax.co.uk/truyen-tranh/sau-khi-chia-tay-hoa-khoi-vo-dao-cua-ta-thang-toi-cap-than,Chương 77,09/04/2026,60.703,N/A,N/A,N/A,N/A,update
Ngục Thú,https://mollymax.co.uk/truyen-tranh/nguc-thu,Chương 34,09/04/2026,4.708,N/A,N/A,N/A,N/A,update
Higawari Shippo No Ozaki-Chan,https://mollymax.co.uk/truyen-tranh/higawari-shippo-no-ozaki-chan,Chương 21,09/04/2026,13.062,N/A,N/A,N/A,N/A,update
Bổn Thánh Nữ Ngã Bài Rồi,https://mollymax.co.uk/truyen-tranh/bon-thanh-nu-nga-bai-roi,Chương 464,09/04/2026,351.238,N/A,N/A,N/A,N/A,update
Cửa Hàng Vô Danh,https://mollymax.co.uk/truyen-tranh/cua-hang-vo-danh,Chương 259,09/04/2026,672.719,N/A,N/A,N/A,N/A,update
Tân Thiên Sư,https://mollymax.co.uk/truyen-tranh/tan-thien-su,Chương 35,09/04/2026,9.827,N/A,N/A,N/A,N/A,update
Vô Địch Chỉ Với 1 Máu,https://mollymax.co.uk/truyen-tranh/vo-dich-chi-voi-1-mau,Chương 18,09/04/2026,571,N/A,N/A,N/A,N/A,update
Ta Thật Sự Không Muốn Làm Gian Thần,https://mollymax.co.uk/truyen-tranh/ta-that-su-khong-muon-lam-gian-than,Chương 1,09/04/2026,187,N/A,N/A,N/A,N/A,update
Vạn Cổ Kiếm Thần,https://mollymax.co.uk/truyen-tranh/van-co-kiem-than,Chương 238,09/04/2026,3.552.359,N/A,N/A,N/A,N/A,update
Horimiya,https://mollymax.co.uk/truyen-tranh/horimiya,Chương 54 - Không Có 54,26/12/2016,9.055.562,N/A,N/A,N/A,N/A,update
Cuộc Sống Của Gián Điệp Ma Giáo,https://mollymax.co.uk/truyen-tranh/cuoc-song-cua-gian-diep-ma-giao,Chương 63,09/04/2026,22.613,N/A,N/A,N/A,N/A,update
Cuộc Đời Của Thiên Tài Piano,https://mollymax.co.uk/truyen-tranh/cuoc-doi-cua-thien-tai-piano,Chương 61,09/04/2026,27.998,N/A,N/A,N/A,N/A,update
Hội Pháp Sư: Nhiệm Vụ 100 Năm,https://mollymax.co.uk/truyen-tranh/hoi-phap-su-nhiem-vu-100-nam,Chương 206,09/04/2026,50.922.520,N/A,N/A,N/A,N/A,update
Kiwi Medio Yuki Sama,https://mollymax.co.uk/truyen-tranh/kiwi-medio-yuki-sama,Chương 61,09/04/2026,39.076,N/A,N/A,N/A,N/A,update
Hoàng Tử Không Khóc Vì Hành Tây,https://mollymax.co.uk/truyen-tranh/hoang-tu-khong-khoc-vi-hanh-tay,Chương 1,09/04/2026,134,N/A,N/A,N/A,N/A,update
Wistoria Bản Hùng Ca Kiếm Và Pháp Trượng,https://mollymax.co.uk/truyen-tranh/wistoria-ban-hung-ca-kiem-va-phap-truong-1,Chương 59,09/04/2026,827.028,N/A,N/A,N/A,N/A,update
Mạnh Nhất Lịch Sử,https://mollymax.co.uk/truyen-tranh/manh-nhat-lich-su,Chương 329,09/04/2026,3.892.947,N/A,N/A,N/A,N/A,update
Chiến Binh Máu Lạnh,https://mollymax.co.uk/truyen-tranh/chien-binh-mau-lanh,Chương 51,09/04/2026,20.624,N/A,N/A,N/A,N/A,update
Kao Ni Denai Kashiwada-San To Kao Ni Deru Oota-Kun,https://mollymax.co.uk/truyen-tranh/kao-ni-denai-kashiwada-san-to-kao-ni-deru-oota-kun,Chương 67,09/04/2026,259.222,N/A,N/A,N/A,N/A,update
Con Slime Yếu Nhất Ta Từng Cứu Giờ Đã Trở Thành Huyền Thoại!,https://mollymax.co.uk/truyen-tranh/con-slime-yeu-nhat-ta-tung-cuu-gio-da-tro-thanh-huyen-thoai,Chương 38,09/04/2026,1.450,N/A,N/A,N/A,N/A,update
U Minh Ngụy Tượng,https://mollymax.co.uk/truyen-tranh/u-minh-nguy-tuong,Chương 566,09/04/2026,1.897.766,N/A,N/A,N/A,N/A,update
Võ Đại Lang Mạnh Nhất Tái Sinh Ở Thế Giới Thủy Hử,https://mollymax.co.uk/truyen-tranh/vo-dai-lang-manh-nhat-tai-sinh-o-the-gioi-thuy-hu,Chương 46,09/04/2026,21.671,N/A,N/A,N/A,N/A,update
Ta Ở Hoàng Cung Làm Đại Boss,https://mollymax.co.uk/truyen-tranh/ta-o-hoang-cung-lam-dai-boss,Chương 180,09/04/2026,11.000,N/A,N/A,N/A,N/A,update
Làm Khoa Học Trong Thế Giới Phép Thuật Thì Như Thế Nào?,https://mollymax.co.uk/truyen-tranh/lam-khoa-hoc-trong-the-gioi-phep-thuat-thi-nhu-the-nao,Chương 48,09/04/2026,45.270,N/A,N/A,N/A,N/A,update
Tranh Thủ Kiếm Chác Ở Thế Giới Quỷ Dị Thì Làm Sao?,https://mollymax.co.uk/truyen-tranh/tranh-thu-kiem-chac-o-the-gioi-quy-di-thi-lam-sao-,Chương 12,09/04/2026,806,N/A,N/A,N/A,N/A,update
Huyết Tộc Trong Kỷ Nguyên Siêu Năng,https://mollymax.co.uk/truyen-tranh/huyet-toc-trong-ky-nguyen-sieu-nang,Chương 43,09/04/2026,53.833,N/A,N/A,N/A,N/A,update
Aishiteru Game Wo Owarasetai,https://mollymax.co.uk/truyen-tranh/aishiteru-game-wo-owarasetai,Chương 66,09/04/2026,768.321,N/A,N/A,N/A,N/A,update
Henjo ~Hen Na Joshi Kousei Amaguri Senko~,https://mollymax.co.uk/truyen-tranh/henjo-hen-na-joshi-kousei-amaguri-senko-,Chương 133,08/04/2026,1.039,N/A,N/A,N/A,N/A,update
Người Một Nhà,https://mollymax.co.uk/truyen-tranh/nguoi-mot-nha,Chương 124,09/04/2026,48.368,N/A,N/A,N/A,N/A,update
Mẹ Kế Bất Đắc Dĩ,https://mollymax.co.uk/truyen-tranh/me-ke-bat-dac-di,Chương 18.2,09/04/2026,1.401,N/A,N/A,N/A,N/A,update
Muốn Bị Lừa Dối,https://mollymax.co.uk/truyen-tranh/muon-bi-lua-doi,Chương 43,09/04/2026,4.498,N/A,N/A,N/A,N/A,update
Đặc Chủng Trùng Sinh Về Thời Trung Học,https://mollymax.co.uk/truyen-tranh/dac-chung-trung-sinh-ve-thoi-trung-hoc,Chương 47,09/04/2026,1.289,N/A,N/A,N/A,N/A,update
Đại Đạo Chi Thượng,https://mollymax.co.uk/truyen-tranh/dai-dao-chi-thuong,Chương 19,09/04/2026,1.164,N/A,N/A,N/A,N/A,update
Độc Cô Tử Linh Sư,https://mollymax.co.uk/truyen-tranh/doc-co-tu-linh-su,Chương 216,09/04/2026,7.631.246,N/A,N/A,N/A,N/A,update
Các Nữ Đồ Đệ Của Ta Đều Là Chư Thiên Đại Lão Tương Lai,https://mollymax.co.uk/truyen-tranh/cac-nu-do-de-cua-ta-deu-la-chu-thien-dai-lao-tuong-lai,Chương 388,09/04/2026,18.584.782,N/A,N/A,N/A,N/A,update
Đô Thị Cực Phẩm Y Thần,https://mollymax.co.uk/truyen-tranh/do-thi-cuc-pham-y-than,Chương 327,09/04/2026,1.100.503,N/A,N/A,N/A,N/A,update
Nếu Hina-Chan Còn Sống,https://mollymax.co.uk/truyen-tranh/neu-hina-chan-con-song,Chương 4,09/04/2026,704,N/A,N/A,N/A,N/A,update
Cao Võ: Hạ Cánh Đến Một Vạn Năm Sau,https://mollymax.co.uk/truyen-tranh/cao-vo-ha-canh-den-mot-van-nam-sau,Chương 310,09/04/2026,30.787.592,N/A,N/A,N/A,N/A,update
Phổ La Chi Chủ,https://mollymax.co.uk/truyen-tranh/pho-la-chi-chu,Chương 30,09/04/2026,4.127,N/A,N/A,N/A,N/A,update
Ngàn Vàng Không Đổi,https://mollymax.co.uk/truyen-tranh/ngan-vang-khong-doi,Chương 131,09/04/2026,3.082,N/A,N/A,N/A,N/A,update
Sát Nhân Cuồng Loạn,https://mollymax.co.uk/truyen-tranh/sat-nhan-cuong-loan,Chương 185,09/04/2026,489.169,N/A,N/A,N/A,N/A,update
Triệu Hồi Sư Cuối Cùng,https://mollymax.co.uk/truyen-tranh/trieu-hoi-su-cuoi-cung,Chương 243,09/04/2026,107.358,N/A,N/A,N/A,N/A,update
Hệ Thống Siêu Cấp Trà Xanh,https://mollymax.co.uk/truyen-tranh/he-thong-sieu-cap-tra-xanh,Chương 130,09/04/2026,30.881,N/A,N/A,N/A,N/A,update
Siêu Cấp Skeleton,https://mollymax.co.uk/truyen-tranh/sieu-cap-skeleton,Chương 77,09/04/2026,3.861,N/A,N/A,N/A,N/A,update
"Sekai Saikyou No Majo, Hajimemashita - Watashidake",https://mollymax.co.uk/truyen-tranh/sekai-saikyou-no-majo-hajimemashita-watashidake,Chương 19,09/04/2026,326,N/A,N/A,N/A,N/A,update
Tôi Trở Thành Đối Tượng Thu Thập Của Hậu Cung Dị Giới,https://mollymax.co.uk/truyen-tranh/toi-tro-thanh-doi-tuong-thu-thap-cua-hau-cung-di-gioi,Chương 129,09/04/2026,224.800,N/A,N/A,N/A,N/A,update
Địa Ngục Này Ta Mở Ra Đấy,https://mollymax.co.uk/truyen-tranh/dia-nguc-nay-ta-mo-ra-day,Chương 538,09/04/2026,824.626,N/A,N/A,N/A,N/A,update
Youchien Wars,https://mollymax.co.uk/truyen-tranh/youchien-wars,Chương 100.5,09/04/2026,753.260,N/A,N/A,N/A,N/A,update
Đừng Làm Mùa Xuân Tuổi 15 Phát Khóc,https://mollymax.co.uk/truyen-tranh/dung-lam-mua-xuan-tuoi-15-phat-khoc,Oneshot,09/04/2026,315,N/A,N/A,N/A,N/A,update
Sinh Đôi Xuyên Không,https://mollymax.co.uk/truyen-tranh/sinh-doi-xuyen-khong,Chương 147,09/04/2026,3.290.658,N/A,N/A,N/A,N/A,update
Quay Đầu Là Bờ,https://mollymax.co.uk/truyen-tranh/quay-dau-la-bo,Chương 19,09/04/2026,1.627,N/A,N/A,N/A,N/A,update
Game Đạo Của Liên Minh Xưng Tớ [Iruma Giá Đáo! Spin-Off],https://mollymax.co.uk/truyen-tranh/game-dao-cua-lien-minh-xung-to-iruma-gia-dao-spin-off-,Chương 1,09/04/2026,455,N/A,N/A,N/A,N/A,update
Mình Tao Là Siêu Việt Giả Mạnh Nhất!,https://mollymax.co.uk/truyen-tranh/minh-tao-la-sieu-viet-gia-manh-nhat-,Chương 94,09/04/2026,381.704,N/A,N/A,N/A,N/A,update
Rozen Maiden,https://mollymax.co.uk/truyen-tranh/rozen-maiden,Chương 18,09/04/2026,2.194,N/A,N/A,N/A,N/A,update
Dục Long: Lân Nghịch Cửu Tiêu,https://mollymax.co.uk/truyen-tranh/duc-long-lan-nghich-cuu-tieu,Chương 18,08/04/2026,738,N/A,N/A,N/A,N/A,update
Linh Cảnh Hành Giả,https://mollymax.co.uk/truyen-tranh/linh-canh-hanh-gia,Chương 55,08/04/2026,47.417,N/A,N/A,N/A,N/A,update
Seihantai Na Kimi To Boku,https://mollymax.co.uk/truyen-tranh/seihantai-na-kimi-to-boku,Chương 3,09/04/2026,0,N/A,N/A,N/A,N/A,update
Ngày 9 Tháng 8 Tôi Sẽ Bị Ăn Thịt Bởi Em,https://mollymax.co.uk/truyen-tranh/ngay-9-thang-8-toi-se-bi-an-thit-boi-em,Chương 11,08/04/2026,2.604,N/A,N/A,N/A,N/A,update
Vạn Giới Chi Lâm,https://mollymax.co.uk/truyen-tranh/van-gioi-chi-lam,Chương 42,08/04/2026,1.323,N/A,N/A,N/A,N/A,update
Kenka Banzuke Saijaku No Ore Ga E O Kaku Dake De Kenka Saikyo Rankingu O Kakeagaru,https://mollymax.co.uk/truyen-tranh/kenka-banzuke-saijaku-no-ore-ga-e-o-kaku-dake-de-kenka-saikyo-rankingu-o-kakeagaru,Chương 23,09/04/2026,2.169,N/A,N/A,N/A,N/A,update
Chuyện Tình Thanh Xuân Bi Hài Của Tôi Quả Nhiên Là Sai Lầm @Comic,https://mollymax.co.uk/truyen-tranh/chuyen-tinh-thanh-xuan-bi-hai-cua-toi-qua-nhien-la-sai-lam-comic,Chương 101.5,08/04/2026,3.849,N/A,N/A,N/A,N/A,update
Thống Trị Hầm Ngục Chỉ Với 1 Hp,https://mollymax.co.uk/truyen-tranh/thong-tri-ham-nguc-chi-voi-1-hp,Chương 25,09/04/2026,6.855,N/A,N/A,N/A,N/A,update
Bày Tỏ Với Người Nguy Hiểm Như Anh Ấy,https://mollymax.co.uk/truyen-tranh/bay-to-voi-nguoi-nguy-hiem-nhu-anh-ay,Chương 11,08/04/2026,826,N/A,N/A,N/A,N/A,update
Ngục Thú,https://mollymax.co.uk/truyen-tranh/nguc-thu,Chương 34,09/04/2026,4.708,N/A,N/A,N/A,N/A,update
Soái Ca Kiểu Mẫu,https://mollymax.co.uk/truyen-tranh/soai-ca-kieu-mau,Chương 25,08/04/2026,632,N/A,N/A,N/A,N/A,update
Bổn Thánh Nữ Ngã Bài Rồi,https://mollymax.co.uk/truyen-tranh/bon-thanh-nu-nga-bai-roi,Chương 464,09/04/2026,351.238,N/A,N/A,N/A,N/A,update
Cửa Hàng Vô Danh,https://mollymax.co.uk/truyen-tranh/cua-hang-vo-danh,Chương 259,09/04/2026,672.719,N/A,N/A,N/A,N/A,update
Vạn Cổ Kiếm Thần,https://mollymax.co.uk/truyen-tranh/van-co-kiem-than,Chương 238,09/04/2026,3.552.359,N/A,N/A,N/A,N/A,update
Horimiya,https://mollymax.co.uk/truyen-tranh/horimiya,Chương 54 - Không Có 54,26/12/2016,9.055.562,N/A,N/A,N/A,N/A,update
Cuộc Đời Của Thiên Tài Piano,https://mollymax.co.uk/truyen-tranh/cuoc-doi-cua-thien-tai-piano,Chương 61,09/04/2026,27.998,N/A,N/A,N/A,N/A,update
Kiwi Medio Yuki Sama,https://mollymax.co.uk/truyen-tranh/kiwi-medio-yuki-sama,Chương 61,09/04/2026,39.076,N/A,N/A,N/A,N/A,update
Mạnh Nhất Lịch Sử,https://mollymax.co.uk/truyen-tranh/manh-nhat-lich-su,Chương 329,09/04/2026,3.892.947,N/A,N/A,N/A,N/A,update
Chiến Binh Máu Lạnh,https://mollymax.co.uk/truyen-tranh/chien-binh-mau-lanh,Chương 51,09/04/2026,20.624,N/A,N/A,N/A,N/A,update
Con Slime Yếu Nhất Ta Từng Cứu Giờ Đã Trở Thành Huyền Thoại!,https://mollymax.co.uk/truyen-tranh/con-slime-yeu-nhat-ta-tung-cuu-gio-da-tro-thanh-huyen-thoai,Chương 38,09/04/2026,1.450,N/A,N/A,N/A,N/A,update
Võ Đại Lang Mạnh Nhất Tái Sinh Ở Thế Giới Thủy Hử,https://mollymax.co.uk/truyen-tranh/vo-dai-lang-manh-nhat-tai-sinh-o-the-gioi-thuy-hu,Chương 46,09/04/2026,21.671,N/A,N/A,N/A,N/A,update
Làm Khoa Học Trong Thế Giới Phép Thuật Thì Như Thế Nào?,https://mollymax.co.uk/truyen-tranh/lam-khoa-hoc-trong-the-gioi-phep-thuat-thi-nhu-the-nao,Chương 48,09/04/2026,45.270,N/A,N/A,N/A,N/A,update
Huyết Tộc Trong Kỷ Nguyên Siêu Năng,https://mollymax.co.uk/truyen-tranh/huyet-toc-trong-ky-nguyen-sieu-nang,Chương 43,09/04/2026,53.833,N/A,N/A,N/A,N/A,update
Aishiteru Game Wo Owarasetai,https://mollymax.co.uk/truyen-tranh/aishiteru-game-wo-owarasetai,Chương 66,09/04/2026,768.321,N/A,N/A,N/A,N/A,update
Henjo ~Hen Na Joshi Kousei Amaguri Senko~,https://mollymax.co.uk/truyen-tranh/henjo-hen-na-joshi-kousei-amaguri-senko-,Chương 133,08/04/2026,1.039,N/A,N/A,N/A,N/A,update
Người Một Nhà,https://mollymax.co.uk/truyen-tranh/nguoi-mot-nha,Chương 124,09/04/2026,48.368,N/A,N/A,N/A,N/A,update
Mẹ Kế Bất Đắc Dĩ,https://mollymax.co.uk/truyen-tranh/me-ke-bat-dac-di,Chương 18.2,09/04/2026,1.401,N/A,N/A,N/A,N/A,update
Muốn Bị Lừa Dối,https://mollymax.co.uk/truyen-tranh/muon-bi-lua-doi,Chương 43,09/04/2026,4.498,N/A,N/A,N/A,N/A,update
Đại Đạo Chi Thượng,https://mollymax.co.uk/truyen-tranh/dai-dao-chi-thuong,Chương 19,09/04/2026,1.164,N/A,N/A,N/A,N/A,update
Đô Thị Cực Phẩm Y Thần,https://mollymax.co.uk/truyen-tranh/do-thi-cuc-pham-y-than,Chương 327,09/04/2026,1.100.503,N/A,N/A,N/A,N/A,update
Cao Võ: Hạ Cánh Đến Một Vạn Năm Sau,https://mollymax.co.uk/truyen-tranh/cao-vo-ha-canh-den-mot-van-nam-sau,Chương 310,09/04/2026,30.787.592,N/A,N/A,N/A,N/A,update
Phổ La Chi Chủ,https://mollymax.co.uk/truyen-tranh/pho-la-chi-chu,Chương 30,09/04/2026,4.127,N/A,N/A,N/A,N/A,update
Các Cô Nàng Gal Luôn Nói Những Điều Phi Thường,https://mollymax.co.uk/truyen-tranh/cac-co-nang-gal-luon-noi-nhung-dieu-phi-thuong,Chương 42,09/04/2026,3.175,N/A,N/A,N/A,N/A,update
Địa Ngục Này Ta Mở Ra Đấy,https://mollymax.co.uk/truyen-tranh/dia-nguc-nay-ta-mo-ra-day,Chương 538,09/04/2026,824.626,N/A,N/A,N/A,N/A,update
Đừng Làm Mùa Xuân Tuổi 15 Phát Khóc,https://mollymax.co.uk/truyen-tranh/dung-lam-mua-xuan-tuoi-15-phat-khoc,Oneshot,09/04/2026,315,N/A,N/A,N/A,N/A,update
Game Đạo Của Liên Minh Xưng Tớ [Iruma Giá Đáo! Spin-Off],https://mollymax.co.uk/truyen-tranh/game-dao-cua-lien-minh-xung-to-iruma-gia-dao-spin-off-,Chương 1,09/04/2026,455,N/A,N/A,N/A,N/A,update
Dục Long: Lân Nghịch Cửu Tiêu,https://mollymax.co.uk/truyen-tranh/duc-long-lan-nghich-cuu-tieu,Chương 18,08/04/2026,738,N/A,N/A,N/A,N/A,update
Linh Cảnh Hành Giả,https://mollymax.co.uk/truyen-tranh/linh-canh-hanh-gia,Chương 55,08/04/2026,47.417,N/A,N/A,N/A,N/A,update
Ngày 9 Tháng 8 Tôi Sẽ Bị Ăn Thịt Bởi Em,https://mollymax.co.uk/truyen-tranh/ngay-9-thang-8-toi-se-bi-an-thit-boi-em,Chương 11,08/04/2026,2.604,N/A,N/A,N/A,N/A,update
Vạn Giới Chi Lâm,https://mollymax.co.uk/truyen-tranh/van-gioi-chi-lam,Chương 42,08/04/2026,1.323,N/A,N/A,N/A,N/A,update
Chuyện Tình Thanh Xuân Bi Hài Của Tôi Quả Nhiên Là Sai Lầm @Comic,https://mollymax.co.uk/truyen-tranh/chuyen-tinh-thanh-xuan-bi-hai-cua-toi-qua-nhien-la-sai-lam-comic,Chương 101.5,08/04/2026,3.849,N/A,N/A,N/A,N/A,update
Bày Tỏ Với Người Nguy Hiểm Như Anh Ấy,https://mollymax.co.uk/truyen-tranh/bay-to-voi-nguoi-nguy-hiem-nhu-anh-ay,Chương 11,08/04/2026,826,N/A,N/A,N/A,N/A,update
Soái Ca Kiểu Mẫu,https://mollymax.co.uk/truyen-tranh/soai-ca-kieu-mau,Chương 25,08/04/2026,632,N/A,N/A,N/A,N/A,update
